File	Start	End	Subject	Session
HCT-elder-pre-4-1.txt	2016-05-05T16:05:15Z	2016-05-05T16:12:42Z	4	2
LBN-elder-pre-12-1.txt	2016-06-16T15:11:56Z	2016-06-16T15:19:15Z	12	1
MRS-elder-pre-13-23.txt	2016-08-19T15:43:44Z	2016-08-19T15:51:08Z	13	23
LBN-elder-pre-12-23.txt	2016-08-15T15:08:58Z	2016-08-15T15:16:15Z	12	23
MLSGB-elder-pre-5-23.txt	2016-07-19T11:08:24Z	2016-07-19T11:15:44Z	5	23
NS--elder-pre-6-1.txt	2016-06-03T09:37:08Z	2016-06-03T09:44:23Z	6	1
MLSGB-elder-pre-5-1.txt	2016-05-19T16:06:48Z	2016-05-19T16:13:55Z	5	1
IL--elder-pre-7-1.txt	2016-05-21T15:12:31Z	2016-05-21T15:19:41Z	7	1
JCC-elder-pre-10-23.txt	2016-08-03T16:29:20Z	2016-08-03T16:36:09Z	10	23
MDG-elder-pre-15-1.txt	2016-07-05T16:21:53Z	2016-07-05T16:29:22Z	15	1
MRS-elder-pre-13-1.txt	2016-06-22T10:07:09Z	2016-06-22T10:14:32Z	13	1
JCC-elder-pre-10-1.txt	2016-05-24T15:30:11Z	2016-05-24T15:37:34Z	10	1
TPP-elder-pre-3-23.txt	2016-07-12T17:17:27Z	2016-07-12T17:24:54Z	3	23
HCT-elder-pre-4-23.txt	2016-07-06T10:47:16Z	2016-07-06T10:54:40Z	4	23
DSN-elder-pre-16-1.txt	2016-08-02T11:39:38Z	2016-08-02T11:46:56Z	16	1
TPP-elder-pre-3-1.txt	2016-05-12T15:35:40Z	2016-05-12T15:43:01Z	3	1
IL--elder-pre-7-23.txt	2016-07-23T10:27:35Z	2016-07-23T10:34:49Z	7	23
MLLC-elder-pre-09-1.txt	2016-05-31T16:05:06Z	2016-05-31T16:12:10Z	9	1
MLLC-elder-pre-09-23.txt	2016-08-02T16:12:14Z	2016-08-02T16:19:30Z	9	23
